Date,Passengers & Remarks,Aircraft Identification Mark,From,To,Flight No.,Number of Landings,Airplane,Airplane Additional,Glider,Glider Additional,Helicopter,Helicopter Additional
06/01/2002,"JE, GM, SK, AP, ALEXIA WALLERT, CINDY LOPEZ",?,TIST,EWR,44,1/,4,1,,,,
11/01/2002,"JE, GM, ROGER, WARREN, MARAGARET, 1 FEMALE",?,EWR,PBI,45,01-Jan,2,6,,,,
13/01/2002,"JE, GM",N909JE,PBI,MBPV,1557,01-Jan,1,5,,,,
13/01/2002,"JE, GM",N909JE,[MBPV],PBI,1558,,1,7,,,,
14/01/2002,"JE, GM",N908JE,PBI,LGA,46,1/,2,2,,,,
15/01/2002,JE,,,,,,,,,,,
15/01/2002,"JE, JESSICA",,,,,,,,,,,
17/01/2002,"JE, GM, SK, AP. CINDY LOPEZ, JOANNE, 1 FEMALE",,,,,,,,,,,
20/01/2002,"JE, GM, SK, AP, CINDY LOPEZ, JOANNE, M[ATS?] + KATHY ALEXANDER, STACEY TEELUCKSIGNH",,,,,,,,,,,
22/01/2002,"JE, GM, SK, AP, CINDY LOPEZ, JOANNE",,,,,,,,,,,
25/01/2002,"JE, GM, SK, AP, ALBERTO PINTO, YVES PICKARDT, STEVE SHERMAN, 3 FEMALES",,,,,,,,,,,
27/01/2002,"JE, GM, AP, SK, ED TUTTLE, 1 MALE, 1 FEMALE",,,,,,,,,,,
30/01/2002,"JE, GM, SK, AP, ED TUTTLE, CINDY LOPEZ",,,,,,,,,,,
05/02/2002,"JE, GM, SK, AP, 1 MALE, 1 FEMALE",,,,,,,,,,,
09/02/2002,"JE, SK, AP",,,,,,,,,,,
09/02/2002,"BILL CLINTON, 4 SECRET SERVICE, 2 MALES, 1 FEMALE, JE, GM, SK, AP",,,,,,,,,,,
10/02/2002,"JE, GM, SK, AP, FLEUR PERRYLANG, MARK LLOYD",,,,,,,,,,,
13/02/2002,"JE, SK",,,,,,,,,,,
14/02/2002,"JE, SK",,,,,,,,,,,
15/02/2002,"JE, SK",,,,,,,,,,,
15/02/2002,"JE, GM, SK",,,,,,,,,,,
16/02/2002,"JE, GM, SK",,,,,,,,,,,
18/02/2002,JE,,,,,,,,,,,
18/02/2002,EMPTY,,,,,,,,,,,
01/04/2002,"JE, GM, SK, AP, 2 FEMALES, SEAN KOO, FOR LV",,,,,,,,,,,
05/04/2002,"SEAN KOO, FOR LM",,,,,,,,,,,
05/04/2002,"SEAN KOO, FOR LM",,,,,,,,,,,
06/04/2002,"SEAN KOO, FOR LM",,,,,,,,,,,
08/04/2002,"JE, SK, SHELLY LEWIS",,,,,,,,,,,
20/04/2002,"PREFLIGHT, TR LOSS, CSD LOW OIL PRESSURE AND DISCONNECT, START VALVE FAILURE, HOTSTART",,,,,,,,,,,
22/04/2002,"NO APU START, LOSS OF ALL GENERATORS, STAB TRIM RUNAWAY, MANUAL GEAR EXTENSION",,,,,,,,,,,
23/04/2002,"APU FIRE, BATTERY START, CROSSBLEED START, ENGINE FIRE, ENGINE SHUTDOWN",,,,,,,,,,,
24/04/2002,"INFLIGHT START, FUEL DUMPING, SYSTEM B LOSS, ELECTRICAL SMOKE & FIRE, SYSTEM A & B LOSS",,,,,,,,,,,
25/04/2002,"TWO GENERATORS INOPERATIVE, TWO ENGINES INOPERATIVE, ENGINE FIRE, LOW OIL PRESSURE ON START",,,,,,,,,,,
26/04/2002,"YAW DAMPER FAILURE, APU FIRE, LED ABNORMAL, LOSS OF ALL GENERATORS, ENGINE FIRE",,,,,,,,,,,
27/04/2002,"TR LOSS, LOSS OF ALL GENERATORS, SMOKE IN PASSENGER CABIN, SYSTEM A LOSS, STRUTOWER DGDT",,,,,,,,,,,
29/04/2002,"JE, GM, SK, PETE RATHGEB",,,,,,,,,,,
02/05/2002,"JE, GM, SK",,,,,,,,,,,
04/05/2002,"JE, SHELLY LEWIS",,,,,,,,,,,
18/02/2002,"GM, SK, GLEN DUBIN, 2 FEMALES, RICARD COOK",,,,,,,,,,,
18/02/2002,"GM, SK, GLEN DUBIN, 2 FEMALES, RICARD COOK",,,,,,,,,,,
20/02/2002,"JE, SK, GERALDINE LAYBOURNE, KIT LAYBOURNE, STEVEN PNKER, NINA + TIM ZAGAT",,,,,,,,,,,
23/02/2002,"DAVID ROCKWELL, CAROLYN MILLER, MICHAEL WOLF, DANIEL DENNETT, RICHARD [?], JOHN BROCKMAN, KARINA MAISON[?], CANDY, KELLY BOVINO, RICHARD COOK",,,,,,,,,,,
23/02/2002,"JE, SK, KELLY BOVINO, NINA + TIM ZAGAT, 6 OTHER PASSENGERS",,,,,,,,,,,
23/02/2002,"B CHECK FMS, ENROUTE REPAIR PROCEDURES, LARRY MORRISON S&L, HEAD/TAIL/CROSS-WIND LANDING",,,,,,,,,,,
25/02/2002,"ROGER, SLOANE + SPONCER BARNETTE, ARLENE (NANNY)",,,,,,,,,,,
25/02/2002,GM,,,,,,,,,,,
28/02/2002,B CHECK,,,,,,,,,,,
06/05/2002,"STEEP TURN, STALLS, HOLDING",,,,,,,,,,,
07/05/2002,"EMERGENCY DESCENT, RTO, UNUSUAL ATTITUDES, ENGINE FAILURES, MISSED APPROACH",,,,,,,,,,,
07/05/2002,"EMERGENCY DESCENTS, 2 ENGINES OUT, WINDSHEAR, HYDRAULIC FAILURE",,,,,,,,,,,
08/05/2002,"EMERGENCY DESCENT, HOLDING, ENGINE FIRE, WHEEL WELL FIRE",,,,,,,,,,,
10/05/2002,"JE, GM, SK, AP, CINDY, 2 FEMALES",,,,,,,,,,,
14/05/2002,"JE, SK, JOE PAGANO, JULIE, TODD",,,,,,,,,,,
17/05/2002,"JE, SK, JOE PAGANO, JULIE, TODD, 1 FEMALE",,,,,,,,,,,
19/05/2002,"BILL CLINTON, DOUG BANDS, 3 SECRET SERVICE, JE, GM, SK",,,,,,,,,,,
21/05/2002,"BILL CLINTON, DOUG BANDS, 10 SECRET SERVICE, JE, GM, SK, NAOMI CAMPBELL, 1 MALE",,,,,,,,,,,
22/05/2002,"JE, NICOLE JUNKERMANN, SEAN KOO FOR LM",,,,,,,,,,,
21/01/2002,D.O. AT BROTHERS AVIATION TO HAVE ENGINES SET UP,,,,,,,,,,,
11/05/2002,"JE, SK",,,,,,,,,,,
11/05/2002,"JE, GM, SK",,,,,,,,,,,
13/05/2002,REPOSITION,,,,,,,,,,,
13/05/2002,"JE, GM, SK",,,,,,,,,,,
16/05/2002,"JE, GM, SK",,,,,,,,,,,
19/05/2002,"JE, GM, SK",,,,,,,,,,,
20/05/2002,"JE, GM, SK",,,,,,,,,,,
22/05/2002,"JE, GM, SK, PRESIDENT BILL CLINTON, PETE RATHGEB[?], MCXG, DOUG BANDS, JANICE, JESSICA 100 & 6 PAX",,,,,,,,,,,
23/05/2002,"SAME AS ABOVE, PETE RATHGEB",,,,,,,,,,,
23/05/2002,"SAME AS ABOVE, PETE RATHGEB",,,,,,,,,,,
25/05/2002,"SAME AS ABOVE, PETE RATHGEB",,,,,,,,,,,
25/05/2002,"SAME AS ABOVE, PETE RATHGEB",,,,,,,,,,,
27/05/2002,"JE, GM, SK, PETE RATHGEB",,,,,,,,,,,
29/05/2002,"JE, GM, SK, PETE RATHGEB",,,,,,,,,,,
29/05/2002,"JE, GM, SK, PETE RATHGEB",,,,,,,,,,,
30/05/2002,"JE, GM, SK, PETE RATHGEB",,,,,,,,,,,
31/05/2002,"JE, GM, SK, PETE RATHGEB",,,,,,,,,,,
07/06/2002,REPOSITION,,,,,,,,,,,
08/06/2002,"JE, GM, SK",,,,,,,,,,,
08/06/2002,"JE, SK",,,,,,,,,,,
12/05/2002,"GMU FLIGHTS-SEAN RILEY, ERIC [or GREG?] CARPENTER",,,,,,,,,,,
14/06/2002,REPOSITION,,,,,,,,,,,
14/06/2002,"JE, SK, CINDY LOPEZ, LAURA HAMES",,,,,,,,,,,
16/06/2002,"JE, GM, SK, CINDY LOPEZ, LAURA HAMES",,,,,,,,,,,
19/06/2002,"REPOSITION, PETE RATHGEB",,,,,,,,,,,
19/06/2002,"JE, GM, SK, CINDY LOPEZ, PETE RATHGEB",,,,,,,,,,,
21/06/2002,"JE, GM, SK, CL, JEAN LUC BRUNEL, VIRGINIA ROBERTS, PETE RATHGEB",,,,,,,,,,,
21/06/2002,"REPOSITION, PETE RATHGEB",,,,,,,,,,,
23/06/2002,"REPOSITION, PETE RATHGEB",,,,,,,,,,,
23/06/2002,"JE, GM, SK, CL, JULIAN BOREES, JEAN LUC BRUNEL, MELISSA STAHL, PETE RATHGEB",,,,,,,,,,,
23/06/2002,"REPOSITION, PETE RATHGEB",,,,,,,,,,,
27/06/2002,"JE, GM, SK, AP, FREDERIC FEKKAI, ALEXANDER FEKKAI, ISERING YANGKEY, LAEMMA SIMON, DARA LYNN PREGLE, DR. HENRY JARACKE, NICHOLAS JARACKE, JULIE CONCEBAUGH, [?], JEAN LUC BRUNEL, ALEXIA WALLART, AMANDA [?]",,,,,,,,,,,
29/06/2002,"SAME AS ABOVE, PETE RATHGEB",,,,,,,,,,,
10/07/2002,"JE, JULIE CONCEBAUGH",,,,,,,,,,,
13/07/2002,JE,,,,,,,,,,,
13/07/2002,"JE, GM, SK, AP, CINDY LOPEZ",,,,,,,,,,,
13/07/2002,"JE, GM, SK, CL, AP",,,,,,,,,,,
13/07/2002,"JE, GM, SK, AP, CL, PRESIDENT CLINTON, DOUG BANDS, MIKE, 8 SECRET SERVICE",,,,,,,,,,,
18/07/2002,"JE, SHELLY LEWIS, 2 FEMALES",,,,,,,,,,,
19/07/2002,"KRISTY RODGERS, GREG HOLBURT, ALYSSA HOLBERT [or HOLDERS?] - C CHECK",,,,,,,,,,,
04/08/2002,"JE, 1 FEMALE",,,,,,,,,,,
04/08/2002,"JE, 1 FEMALE",,,,,,,,,,,
04/08/2002,"JE, 1 FEMALE",,,,,,,,,,,
05/08/2002,"JE, SK, 2 FEMALES",,,,,,,,,,,
06/08/2002,172 CHECK OUT,,,,,,,,,,,
06/08/2002,,,,,,,,,,,,
15/08/2002,"C-CHECK FLIGHT TEST, PETE RATHGEB",,,,,,,,,,,
16/08/2002,"RETURN FROM C-CHECK, PETE RATHGEB",,,,,,,,,,,
17/08/2002,"JE, GM, SK, CINDY LOPEZ, VIRGINIA ROBERTS, DAN MARAN, EDWARDO, ALFRED, MARGARITA, NICK SIMMONS",,,,,,,,,,,
18/08/2002,"JE, VIRGINIA ROBERTS, 1 FEMALE",,,,,,,,,,,
21/08/2002,"JE, SHELLEY LEWIS",,,,,,,,,,,
25/08/2002,"JE, SK",,,,,,,,,,,
28/08/2002,"JE, SK, CINDY LOPEZ, 1 FEMALE",,,,,,,,,,,
31/08/2002,"JE, NICOLE JUNKERMANN",,,,,,,,,,,
02/09/2002,"JE, NICOLE JUNKERMANN",,,,,,,,,,,
03/09/2002,"JE, SK, CINDY LOPEZ, JEAN LUC BRUNEL",,,,,,,,,,,
04/09/2002,"JE, 1 FEMALE",,,,,,,,,,,
08/09/2002,"JE, ANDREA, 2 FEMALES",,,,,,,,,,,
09/09/2002,"JE, SHELLEY LEWIS",,,,,,,,,,,
09/09/2002,"JE, SHELLEY LEWIS",,,,,,,,,,,
10/09/2002,"JE, SHELLEY LEWIS, ANDREA, 1 MALE",,,,,,,,,,,
15/09/2002,"JE, SK, DIANE FLEETWOOD",,,,,,,,,,,
21/09/2002,"PRESIDENT WILLIAM J. CLINTON, STEVE [?], KEVIN SPACEY, CHRIS TUCKER, SK, CL, CHAUNTAE DAVIES, ANDREA MITROVICH, DOUG BAND, DAVID SLANG, JIM KENNEY [or KENNEZ?], ERIC NONACS, RODNEY SWATER, CASEY & LAURA WASSERMAN, RON DURKLE, GAYLE SMITH",,,,,,,,,,,
22/09/2002,"PRESIDENT WILLIAM J. CLINTON, STEVE [?], KEVIN SPACEY, CHRIS TUCKER, SK, CL, CHAUNTAE DAVIES, ANDREA MITROVICH, DOUG BAND, DAVID SLANG, JIM KENNEY [or KENNEZ?], ERIC NONACS, RODNEY SWATER, CASEY & LAURA WASSERMAN, RON DURKLE, GAYLE SMITH",,,,,,,,,,,
23/09/2002,"PRESIDENT WILLIAM J. CLINTON, STEVE [?], KEVIN SPACEY, CHRIS TUCKER, SK, CL, CHAUNTAE DAVIES, ANDREA MITROVICH, DOUG BAND, DAVID SLANG, JIM KENNEY [or KENNEZ?], ERIC NONACS, RODNEY SWATER, CASEY & LAURA WASSERMAN, RON DURKLE, GAYLE SMITH",,,,,,,,,,,
24/09/2002,SAME AS ABOVE LESS RON DURKLE,,,,,,,,,,,
25/09/2002,SAME AS ABOVE PLUS IRA MAGAZINER,,,,,,,,,,,
26/09/2002,SAME AS ABOVE,,,,,,,,,,,
27/09/2002,"SAME AS ABOVE LESS JE, GM, SK, CL, CHAUNTAE DAVIES, ANDREA MITROVICH",,,,,,,,,,,
28/09/2002,"SAME AS ABOVE LESS GAYLE SMITH, IRA MAGAZINER",,,,,,,,,,,
29/09/2002,"SAME AS ABOVE ADD, JE, GM, SK, CL, CD, AM",,,,,,,,,,,
29/09/2002,SAME AS ABOVE,,,,,,,,,,,
29/09/2002,"SAME AS ABOVE LESS JE, SK, CD, LAURA + CASEY WASSERMAN",,,,,,,,,,,
01/10/2002,"GM, NICK + EDWINA SIMMONDS",,,,,,,,,,,
02/10/2002,"JE, GM, SK, CL, ANDREA MITROVICH, NAOMI CAMPBELL",,,,,,,,,,,
03/10/2002,"JE, SK, ANDREA MITROVICH, NICK SIMMONDS, CHEF, 1 FEMALE",,,,,,,,,,,
06/10/2002,"JE, SK, ANDREA, RYAN, 1 FEMALE",,,,,,,,,,,
11/10/2002,"JE, GM, ANDREA, RYAN, STAFF",,,,,,,,,,,
14/10/2002,"MARK POTTER - PPE, ILS SINGLE ENGINE & GO AROUND SE",,,,,,,,,,,
15/10/2002,"JE, GM, ANDREA MITROVICH, RYAN DIONNE",,,,,,,,,,,
17/10/2002,"JE, SK, ANDREA MITROVICH",,,,,,,,,,,
21/10/2002,"JE, SK, AM, ANNA HANKS, JULIETTE BRYANT",,,,,,,,,,,
30/10/2002,"STEEP TURNS, STALLS, SLOW FLIGHT, TAKEOFF, HOLDING",,,,,,,,,,,
30/10/2002,"SINGLE ENGINE APPROACH & GO AROUND, EMERGENCY DESCENT",,,,,,,,,,,
31/10/2002,"ENGINE FIRE, SINGLE ENGINE APPROACH, DOUBLE ENGINE FAILURE, [?] APPROACH",,,,,,,,,,,
03/11/2002,"JE, SK, ANDREA MITROVICH",,,,,,,,,,,
06/11/2002,"DOUBLE ENGINE FAILURE, LOSS OF ALL GENERATORS, EMERGENCY W SYS A LOSS",,,,,,,,,,,
06/11/2002,"CSD LOW OIL PRESSURE, LOSS OF ALL GENERATORS",,,,,,,,,,,
10/11/2002,"JE, SK, KELLY MCCARTHY, [...? see pg14]",,,,,,,,,,,
15/11/2002,"JE, GM, RYAN DIONNE, […?]",,,,,,,,,,,
15/11/2002,REPOSITION,,,,,,,,,,,
18/11/2002,REPOSITION,,,,,,,,,,,
18/11/2002,"JE, GM, SK, ANDREA MITROVICH, RYAN DIONNE, ED TUTTLE",,,,,,,,,,,
19/11/2002,"JE, GM, SK, ANDREA MITROVICH, RYAN DIONNE, ED TUTTLE",,,,,,,,,,,
22/11/2002,"JE, SK, JEAN LUC BRUNEL, ANDREA MITROVICH",,,,,,,,,,,
22/11/2002,"JE, GM, SK, ANDREA MITROVICH",,,,,,,,,,,
24/11/2002,"JE, GM, SK, ANDREA MITROVICH",,,,,,,,,,,
24/11/2002,"JE, GM, SK, ANDREA MITROVICH",,,,,,,,,,,
24/11/2002,"JE, GM, SK, ANDREA MITROVICH",,,,,,,,,,,
26/11/2002,"JE, SK, RYAN DIONNE, MICHEAL LIFFMANN, FREDERIQUE TODD",,,,,,,,,,,
01/12/2002,"JE, GM, SK, ET, MICHEAL LIFFMANN, RYAN DIONNE, TODD, 2 MALES, 4 FEMALES",,,,,,,,,,,
05/12/2002,"JE, SK, MICHEAL LIFFMANN, 2 FEMALES",,,,,,,,,,,
09/12/2002,"JE, GM, SK, RYAN DIONNE, MICHEAL LIFFMANN, 2 FEMALES",,,,,,,,,,,
15/12/2002,"JE,P GM, SK, RD, CHAUNTAE DAVIES, [?], [?], JULIETTE BRYANT, [?]",,,,,,,,,,,
21/12/2002,"JE, GARY ROXBURGH",,,,,,,,,,,
21/12/2002,"JE, GARY ROXBURGH",,,,,,,,,,,
23/12/2002,"JE, GM, SK, RYAN DIONNE, MICHEAL LIFFMANN, GARY ROXBURGH",,,,,,,,,,,
02/01/2003,"JE, GM, SK, RYAN DIONNE, MAGALI BLACHON, MICHEAL LIFFMANN, EVELYN BOULET",,,,,,,,,,,
06/01/2003,"JE, GM, SK, VALSAN",,,,,,,,,,,
09/01/2003,"JE, SK, VALSAN",,,,,,,,,,,
11/01/2003,TEST FLIGHT - SMOKE IN CABIN,,,,,,,,,,,
13/01/2003,"JE, GM, SK, MAGALI BLACHON, VALSAN, MICHEAL LIFFMANN, ANDREA MITROVICH",,,,,,,,,,,
17/01/2003,"JE, GM, SK, MICHEAL LIFFMANN, RYAN DIONNE, JEAN LUC BRUNEL",,,,,,,,,,,
22/01/2003,"JE, GM, SK, MAGALI BLACHON, RYAN DIONNE, MICHEAL LIFFMANN",,,,,,,,,,,
25/01/2003,"JE, GM, SK, RYAN DIONNE, MICHEAL LIFFMANN",,,,,,,,,,,
26/01/2003,[EMPTY],,,,,,,,,,,
26/01/2003,"JE, SK, MICHEAL LIFFMANN, RYAN DIONNE, MAGALI BLACHON, GARY ROXBURGH",,,,,,,,,,,
31/01/2003,"JE, SK, MAGALI BLACHON, MICHEAL LIFFMANN, GARY ROXBURGH",,,,,,,,,,,
01/02/2003,PETE RATHGEB,,,,,,,,,,,
03/02/2003,"JE, GM, SK MICHEAL LIFFMANN, MAGALI BLACHON",,,,,,,,,,,
07/02/2003,"JE, SK, MAGALI BLACHON, MICHEAL LIFFMANN, GARY ROXBURGH",,,,,,,,,,,
11/02/2003,"JE, GM, SK, MAGALI BLANCHON, PATRICK OCHIN, MICHEAL LIFFMANN",,,,,,,,,,,
12/02/2003,"JE, GM, SK, MAGALI BLANCHON, PATRICK OCHIN, MICHEAL LIFFMANN, CARLOS SANCHEZ",,,,,,,,,,,
13/02/2003,"JE, GM, SK, MAGALI BLANCHON, PATRICK OCHIN, MICHEAL LIFFMANN",,,,,,,,,,,
17/02/2003,"JE, GM, SK, MAGALI BLANCHON, PATRICK OCHIN, JULIETTE BRYANT, DEBORAH AMSELEN, MICHEAL LIFFMANN",,,,,,,,,,,
17/02/2003,"JE, GM, SK, MAGALI BLANCHON, MICHEAL LIFFMANN, PATRICK OCHIN, JULIETTE BRYANT, DEBORAH, [AMSELEN?]",,,,,,,,,,,
23/02/2003,"JE, DEBORAH AMELSEN, JULIETTE BRYANT, MICHEAL LIFFMANN",,,,,,,,,,,
25/02/2003,"JE, SK, CHAUNTAE DAVIES, DEAN RAMON & 19 PAX",,,,,,,,,,,
28/02/2003,"JE, GM, SK, EMMY TAYLER, BRENT, MAGALI BLACHON",,,,,,,,,,,
04/03/2003,"JE, GM, SK, ET, MAGALI BLANCHON, JULIETTE BRYANT",,,,,,,,,,,
05/03/2003,"JE, MAGALI BLACHON",,,,,,,,,,,
12/03/2003,HOLDING,,,,,,,,,,,
12/03/2003,[EMPTY],,,,,,,,,,,
13/03/2003,[EMPTY],,,,,,,,,,,
13/03/2003,[EMPTY],,,,,,,,,,,
17/03/2003,"JE, GM, SK, MICHEAL LIFFMANN, MAGALI BLACHON, BRENT",,,,,,,,,,,
19/03/2003,JE,,,,,,,,,,,
19/03/2003,JE,,,,,,,,,,,
20/03/2003,"JE, GM, SK, PRESIDENT ANDRES PASTRANA, MICHEAL LIFFMANN, JEAN LUC BRUNEL",,,,,,,,,,,
21/03/2003,"JE, GM, SK, PRESIDENT ANDRES PASTRANA, JEAN LUC BRUNEL",,,,,,,,,,,
23/03/2003,"JE, GM, SK, JEAN LUC BRUNEL",,,,,,,,,,,
25/03/2003,"JE, GM, JEAN LUC BRUNEL, SK, MICHEAL LIFFMANN",,,,,,,,,,,
27/03/2003,"JE, SK, CINDY LOPEZ, MAGALI BLACHON, BRENT TINDALL",,,,,,,,,,,
02/04/2003,"JE, GM, SK, JEAN LUC BRUNEL, MAGALI BLACHON, NAOMI CAMPBELL",,,,,,,,,,,
05/04/2003,"JE, GM, SK, JEAN LUC BRUNEL, MAGALI BLACHON",,,,,,,,,,,
06/04/2003,"JE, GM, SK, JEAN LUC BRUNEL, MAGALI BLACHON",,,,,,,,,,,
10/04/2003,"JE, GM, SK, MICHEAL LIFFMANN, EVELYN BOULET, SVETLANA GRIAZNOVA",,,,,,,,,,,
10/04/2003,"JE, GM, EVELYN BRUNEL, MICHEAL LIFFMANN, SK, SVETLANA GRIAZNOVA",,,,,,,,,,,
13/04/2003,"LM, JE, ML, SK, BT, BARRY MASSION",,,,,,,,,,,
13/04/2003,"LM, JE, ML, SK, BT, BARRY MASSION",,,,,,,,,,,
14/04/2003,"LM, BARRY MASSION",,,,,,,,,,,
16/04/2003,BARRY MASSION,,,,,,,,,,,
17/04/2003,"JE, SK, BT, GM, CINDY LOPEZ, ANDREA MITROVICH, BARRY MASSION",,,,,,,,,,,
21/04/2003,"JE, SK, BT, CL",,,,,,,,,,,
21/04/2003,"JE, CL, SK, BT",,,,,,,,,,,
24/04/2003,"JE, SK, TEALA DAVIES, DIANE",,,,,,,,,,,
24/04/2003,"JE, SK, CHAUNTAE DAVIES, DIANE, KELLY BENINA, EMMY TAYLER",,,,,,,,,,,
26/04/2003,"JE, SK",,,,,,,,,,,
03/05/2003,"ANDREA MITROVICH, SK, BT",,,,,,,,,,,
03/05/2003,"JE, AM, SK, BT",,,,,,,,,,,
07/05/2003,"PEDAL TURNS, QUICK STOP, NO HYDRAULICS, HOVER AUTOS, SLOPES",,,,,,,,,,,
07/05/2003,"AUTOROTATIONS, 180 AUTOROTATIONS, NO HYDRAULICS, AUTO HOVERS",,,,,,,,,,,
08/05/2003,"AUTOROTATIONS, 180 AUTOROTATIONS, NO HYDRAULICS, AUTO HOVERS",,,,,,,,,,,
09/05/2003,"AUTOROTATIONS, 180 AUTOROTATIONS, NO HYDRAULICS, HOVER AUTO, [?]",,,,,,,,,,,
12/05/2003,LARRY VESESRI,,,,,,,,,,,
12/05/2003,"JE, AM, SK, BT, TEALA DAVIES, TATIANA ESPINOSA, FABRIAME PACHECO",,,,,,,,,,,
20/05/2003,"JE, AM, JEAN LUC BRUNEL, GM, SK, PETE RATHGEB",,,,,,,,,,,
21/05/2003,"JE, JEAN LUC BRUNEL, PETE RATHGEB",,,,,,,,,,,
22/05/2003,"JE, JOEL PASHCOW, TODD MIESTER, BRENT TINDALL",,,,,,,,,,,
26/05/2003,"JE, BT, JULIE",,,,,,,,,,,
30/05/2003,"JE, AM, SK, BT",,,,,,,,,,,
04/06/2003,"JE, AM, SK, BT",,,,,,,,,,,
04/06/2003,"JE, AM, SK, VALDSON COTRIN",,,,,,,,,,,
07/06/2003,"JE, AM, SK, VC",,,,,,,,,,,
11/06/2003,"JE, AM, SK",,,,,,,,,,,
14/06/2003,"JE, DOUG BAND, GM",,,,,,,,,,,
14/06/2003,"JE, DOUG BAND, GM",,,,,,,,,,,
17/06/2003,"JE, AM, VC, SK, BOB BRESLIN",,,,,,,,,,,
17/06/2003,"JE, AM, GM, SK, VC, BOB BRESLIN",,,,,,,,,,,
29/06/2003,"JE, BT, SUSAN HAMBLIN, JULIE FIERSON [? pg 19]",,,,,,,,,,,
02/07/2003,"JE, BT, FABRIAME PACHEO, JLB, SK, SH",,,,,,,,,,,
07/07/2003,"JE, BT, FP, SK, SH",,,,,,,,,,,
11/07/2003,"JE, AM, SH",,,,,,,,,,,
14/07/2003,"JE, AM, BT, SH, MACKLA",,,,,,,,,,,
14/07/2003,[EMPTY],,,,,,,,,,,
31/07/2003,"JE, SK, MYLENE, BT, AM, PETE RATHGEB",,,,,,,,,,,
04/08/2003,"JE, BT, AM, GM, SK, GARY ROXBURGH",,,,,,,,,,,
04/08/2003,[EMPTY],,,,,,,,,,,
05/08/2003,[EMPTY],,,,,,,,,,,
10/08/2003,"JE, AM, BT, GM, CL, CATHERINE DERBY, MYLENE, ARM[?], GARY ROXBURGH",,,,,,,,,,,
10/08/2003,GARY ROXBURGH,,,,,,,,,,,
13/08/2003,"JE, AM, BT, [? these have been crossed out, pg 20]",,,,,,,,,,,
13/08/2003,"JE, AM, BT, GM",,,,,,,,,,,
20/08/2003,"JE, SK, GM",,,,,,,,,,,
20/08/2003,"JE, GM, SK",,,,,,,,,,,
22/08/2003,"JE, GM, SK, TM",,,,,,,,,,,
31/08/2003,[EMPTY],,,,,,,,,,,
31/08/2003,"JE, BT, GM, SH",,,,,,,,,,,
31/08/2003,[EMPTY],,,,,,,,,,,
16/09/2003,"HOLDING, JACK KEARLY, CHRIS GAMBLE-SIM INST.",,,,,,,,,,,
17/09/2003,"HOLDING, PETER ROSCOKE, CHRIS GAMBLE, [?]",,,,,,,,,,,
18/09/2003,CHRIS GAMBLE,,,,,,,,,,,
22/09/2003,"JE, BT, NADIA, SK, SH, TD",,,,,,,,,,,
26/09/2003,DAVE SAVAGE-INSTRUCTOR,,,,,,,,,,,
26/09/2003,"REY, BARZANA - EXAMINER",,,,,,,,,,,
27/09/2003,PATTERN-SAFTEY CHECK [?],,,,,,,,,,,
27/09/2003,ED AMATO - EXAMINER,,,,,,,,,,,
29/09/2003,GM,,,,,,,,,,,
30/09/2003,"AM, FRAN, PAULA EPSTEIN",,,,,,,,,,,
01/10/2003,"JE, AM, SK, TD, VC",,,,,,,,,,,
02/10/2003,LARRY VISTOKE[? pg 21],,,,,,,,,,,
02/10/2003,LV,,,,,,,,,,,
03/10/2003,LV,,,,,,,,,,,
03/10/2003,LV,,,,,,,,,,,
03/10/2003,"JE, NADIA, SK, TD",,,,,,,,,,,
06/10/2003,"JE, NADIA, TD",,,,,,,,,,,
07/10/2003,"JE, SH",,,,,,,,,,,
11/10/2003,"JE, BT, GM, TD, CAROLINA",,,,,,,,,,,
14/10/2003,"JE, BT, GM, SK",,,,,,,,,,,
16/10/2003,"JE, BT, AM, SK",,,,,,,,,,,
19/10/2003,"JE, AM, BT, SK, JERRY GOLDSMITH, GARY ROXBURGH",,,,,,,,,,,
21/10/2003,"JE, SK, GARY ROXBURGH",,,,,,,,,,,
21/10/2003,"JE, BT, SK, [LAV CHRIS & LANGEN], GARY ROXBURGH",,,,,,,,,,,
26/10/2003,"JE, BT, SK, TD, LC",,,,,,,,,,,
26/10/2003,[EMPTY],,,,,,,,,,,
27/10/2003,[EMPTY],,,,,,,,,,,
28/10/2003,[EMPTY],,,,,,,,,,,
30/10/2003,[EMPTY],,,,,,,,,,,
30/10/2003,"JE, AM",,,,,,,,,,,
04/11/2003,"JE, AM, SK",,,,,,,,,,,
04/11/2003,"JE, AM, DOUG BAND, GM, 4 SECRET SERVICE, PRESIDENT BILL CLINTON, SK",,,,,,,,,,,
04/11/2003,"JE, AM, GM, SK",,,,,,,,,,,
05/11/2003,"JE, AM, GM, SK",,,,,,,,,,,
05/11/2003,"JE, AM, GM, SK, DOUG BAND, 4 SECRET SERVICE, PRESIDENT BILL CLINTON",,,,,,,,,,,
06/11/2003,"JE, AM, GM, SK, DOUG BAND, 4 SECRET SERVICE, PRESIDENT BILL CLINTON",,,,,,,,,,,
09/11/2003,"JE, AM, GM, SK, DB, IRA MAGAZINER, PRESIDENT BILL CLINTON, 4 SECRET SERVICE",,,,,,,,,,,
09/11/2003,"JE, AM, GM, SK, DB, IM, SAMUEL TONG[?unsure on last name, pg22], JUSTINE [?unsure...], PRESIDENT BILL CLINTON, JOE RUBEN, [?]",,,,,,,,,,,
11/11/2003,"JOE RUBEN [crossed out], JOE NOVICH, SCOTT RUEBER [?], JE, AM, SK",,,,,,,,,,,
11/11/2003,"JE, AM, SK",,,,,,,,,,,
14/11/2003,"JE, BT, SK, ANDREA, LC",,,,,,,,,,,
18/11/2003,"JE, BT, SK, LC",,,,,,,,,,,
21/11/2003,"JE, SK",,,,,,,,,,,
21/11/2003,"JE, SK",,,,,,,,,,,
22/11/2003,"JE, SK, NICK LAMAROS[? or vick, unsure on last name pg 23], CHRIS LAMBROS, TOM PAYETTE",,,,,,,,,,,
23/11/2003,"JE, SK",,,,,,,,,,,
25/11/2003,"JE, BT, EVA ANDERSON, GM, AM, [?,] GLEN, CELINA, JORDAN [?]",,,,,,,,,,,
07/12/2003,"ROGER, MORGAN, MICHEAL ROXBURGH",,,,,,,,,,,
07/12/2003,"JE, SK, NADIA, MICHEAL ROXBURGH",,,,,,,,,,,
07/12/2003,"JE, SK, NADIA, MICHEAL ROXBURGH",,,,,,,,,,,
09/12/2003,"JE, SK, TD, GARY ROXBURGH",,,,,,,,,,,
15/12/2003,"JE, AM, TD, KIMBERLEY BURNS",,,,,,,,,,,
19/12/2003,"JE, GM, SK",,,,,,,,,,,
24/12/2003,"JE, GM, BT, STEVE LESTER",,,,,,,,,,,
26/12/2003,"JE, BT, GM, GARY FENNEL",,,,,,,,,,,
02/01/2004,"JE, BT, GM, JEAN LUC BRUNEL, NM, MANUELA STOETTER, LV",,,,,,,,,,,
03/01/2004,"JE, CELINA DUBIN, EVA ANDERSON, GM, JORDAN DUBIN, BRUCE, NADIA MARCINKOVA [?], LV",,,,,,,,,,,
03/01/2004,"JE, CD, JD, GM, GQ[? pg 23], NM, BRUCE, LV",,,,,,,,,,,
05/01/2004,"JE, BT, JLB, SK, LV",,,,,,,,,,,
08/01/2004,"JE, BT, NM, TEALA DAVIES, SK, LV",,,,,,,,,,,
12/01/2004,"JE, SK, TD, NM, LV, LM",,,,,,,,,,,
15/01/2004,"JE, SK, TD, NM, LV, LM",,,,,,,,,,,
20/01/2004,"JE, BT, NM, SK, TD, LV, LM",,,,,,,,,,,
23/01/2004,"JE, BT, CHAUNTAE DAVIES, TD, NM, ANDREA MITROVICH, LV, LM",,,,,,,,,,,
26/01/2004,"JE, BT, NM, TD, LV",,,,,,,,,,,
28/01/2004,"JE, BT, NM, SK, TD, LV",,,,,,,,,,,
02/02/2004,"JE, BT, JLB, NM, TD, SK, ALINE WEBER, LV",,,,,,,,,,,
05/02/2004,LV,,,,,,,,,,,
05/02/2004,"ALAN DERSHOWITZ, LV",,,,,,,,,,,
05/02/2004,"JE, AD, SK, LV",,,,,,,,,,,
09/02/2004,"JE, BT, SK, GR, LM",,,,,,,,,,,
12/02/2004,"JE, GM, JLV, ALINE WEBER, NINA KEITA, LV, LM",,,,,,,,,,,
17/02/2004,"JE, GM, JLB, TD, NM, AW, LV, LM",,,,,,,,,,,
17/02/2004,"JE, GM, JLB, TD, NM, AW, LV, LM",,,,,,,,,,,
19/02/2004,"JE, BT, NM, SK, TD, LV, LM",,,,,,,,,,,
22/02/2004,"JE, BT, NM, TD, AW, LV, LM",,,,,,,,,,,
24/02/2004,"JE, SK, TD, NM, FOREST SAWYER, LV, LM",,,,,,,,,,,
27/02/2004,"JE, NM, SK, TD, LV, LM",,,,,,,,,,,
29/02/2004,"JE, NM, SK, TD, LV, LM",,,,,,,,,,,
01/03/2004,"JE, GM, NM, SK, TD, LV, LM",,,,,,,,,,,
03/03/2004,"JE, NM, TD, VALDSON COTRIN, LV, LM",,,,,,,,,,,
03/08/2004,"JE, MS, NM, SK, TD, LV, LM",,,,,,,,,,,
06/08/2004,"JE, SK, TD, NM[CROSSED OUT], JENNIFER [KELLY pg 25?], NATALYA MALYSHOV, GR, LM",,,,,,,,,,,
10/08/2004,"JE, JOJO, LYN FUNTANILLA, SK, NATALYA MALYSHOV, DAVID, LV, LM",,,,,,,,,,,
13/08/2004,"JE, MS, N MARCINKOVA, FLORA, DAVID, JK, LV, LM",,,,,,,,,,,
18/08/2004,"JE, MS, NM, JK, LV, LM",,,,,,,,,,,
19/08/2004,"JE, MS, NM, JK, FRANK GAMBLE, LM",,,,,,,,,,,
24/08/2004,"JE, GM, NM, SK, TD, LV, LM",,,,,,,,,,,
25/08/2004,"JE, GM, NM, SK, TD, LV, LM",,,,,,,,,,,
01/09/2004,"JE, NM, SK, TD, LV, LM",,,,,,,,,,,
02/09/2004,"KRISTY RODGERS, PATSY RODGERS, LV",,,,,,,,,,,
05/09/2004,"JE, NM, TD, JK, NATALYA MALYSHOV, LV, RALPH PASCALE",,,,,,,,,,,
16/09/2004,"JE, NM, SK, JK, DAVID MULLEN, LV, LM",,,,,,,,,,,
20/09/2004,???,,,,,,,,,,,
21/09/2004,???,,,,,,,,,,,
05/10/2004,"JE, NM, SK, LV, LM",,,,,,,,,,,
08/10/2004,"JE, EVA ANDERSON, NM, 2 NANNIES, CELINA + MYA DUBIN, JORDAN, SK, LV, LM",,,,,,,,,,,
10/10/2004,"JE, EVA ANDERSON, 2 NANIES, SK, NM, CELINA + JORDAN + MYA DUBIN, LV, LM",,,,,,,,,,,
12/10/2004,"JE, JK, NM, SK, LV, LM",,,,,,,,,,,
13/10/2004,"GM, LV, LM",,,,,,,,,,,
07/03/2004,"JE, NM, TD, GARY BLACKWELL",,,,,,,,,,,
08/03/2004,"JE, TD, GARY BLACKWELL",,,,,,,,,,,
09/03/2004,"JE, TD, GARY BLACKWELL",,,,,,,,,,,
11/03/2004,"JE, TD, SK, NM, VALDSON COTRIN, GB",,,,,,,,,,,
13/03/2004,"LARRY INSTRUCTOR, GARY ROXBURGH",,,,,,,,,,,
17/03/2004,"HOLDING LARRY-INSTRUCTOR, GR",,,,,,,,,,,
17/03/2004,"FE CHECK RIDE, HANK COLLIER, GR",,,,,,,,,,,
17/03/2004,"REY BARZANA, GR",,,,,,,,,,,
18/03/2004,"REY BARZANA, B727 CAPT CHECK RIDE, GR",,,,,,,,,,,
18/03/2004,"JE, SK, TD, VC, LV",,,,,,,,,,,
19/03/2004,"JE, SK, TD, VC, LV",,,,,,,,,,,
31/03/2004,"JE, NM, TD, LV, LM",,,,,,,,,,,
02/04/2004,"JE, JLB, NM, TD, LV, LM",,,,,,,,,,,
06/04/2004,"JE, BT, NM, SK, TD, LV",,,,,,,,,,,
11/04/2004,"JE, BT, CD, EA, JD, GM, NM, TP, GLEN DUBIN, MYA DUBIN, 2 NANNIES, LV, LM",,,,,,,,,,,
15/04/2004,"JE, SK, LARRY SUMMERS, LV, LM",,,,,,,,,,,
16/04/2004,"JE, SK, LV, LM",,,,,,,,,,,
19/04/2004,"JE, SK, JENNIFER, LV, LM",,,,,,,,,,,
22/04/2004,"JE, BT, MARK EPSTEIN NM, TD, TAMI, GM, LV, LM",,,,,,,,,,,
27/04/2004,"JE, BT, NM, TD, LV, LM",,,,,,,,,,,
01/05/2004,"JE, NM, SK, LV, LM",,,,,,,,,,,
04/05/2004,"JE, NM, SK, LV, LM",,,,,,,,,,,
05/05/2004,"JE, GM, NM, SK, ARIANE DEVONVOISEN [?], LV, LM",,,,,,,,,,,
08/05/2004,"JE, GM, NM, SK, LV, LM",,,,,,,,,,,
10/05/2004,"JE, GM, NM, SK, LV, LM",,,,,,,,,,,
12/05/2004,"JE, GM, JLB, NM, LV, LM",,,,,,,,,,,
14/05/2004,"JE, NM, SK, LV, LM",,,,,,,,,,,
14/05/2004,"JE, NM, SK, LV, LM",,,,,,,,,,,
15/05/2004,"RON, LV, LM",,,,,,,,,,,
17/05/2004,"JE, BT, NM, TD, LV",,,,,,,,,,,
21/05/2004,"JE, BT, NM, TD, LV",,,,,,,,,,,
24/05/2004,"JE. NM, SK, TD, LV",,,,,,,,,,,
31/05/2004,"JE, NM, SK, TD, MANUELA STOETTER, LV",,,,,,,,,,,
04/06/2004,"BT, LV",,,,,,,,,,,
04/06/2004,"JE, BT, MS, NM, TD, LV",,,,,,,,,,,
07/06/2004,"JE, BT, MS, NM, TD, LV",,,,,,,,,,,
09/06/2004,"JE, MS, SK, LV",,,,,,,,,,,
09/06/2004,"JE, MS, SK, LV",,,,,,,,,,,
11/06/2004,"JE, SK, LV, LM",,,,,,,,,,,
11/06/2004,"JE, SK, LV, LM",,,,,,,,,,,
13/06/2004,S,,,,,,,,,,,
15/06/2004,,,,,,,,,,,,
20/06/2004,,,,,,,,,,,,
21/06/2004,,,,,,,,,,,,
23/06/2004,,,,,,,,,,,,
02/07/2004,,,,,,,,,,,,
02/07/2004,,,,,,,,,,,,
04/07/2004,,,,,,,,,,,,
04/07/2004,,,,,,,,,,,,
11/07/2004,,,,,,,,,,,,
15/07/2004,,,,,,,,,,,,
19/07/2004,,,,,,,,,,,,
22/07/2004,,,,,,,,,,,,
25/07/2004,,,,,,,,,,,,
29/07/2004,,,,,,,,,,,,
03/08/2004,,,,,,,,,,,,
03/08/2004,,,,,,,,,,,,
16/09/2004,,,,,,,,,,,,
17/09/2004,,,,,,,,,,,,
20/09/2004,,,,,,,,,,,,
25/09/2004,,,,,,,,,,,,
25/09/2004,,,,,,,,,,,,
29/09/2004,,,,,,,,,,,,
29/09/2004,,,,,,,,,,,,
01/11/2004,,,,,,,,,,,,
01/11/2004,,,,,,,,,,,,
01/11/2004,,,,,,,,,,,,
02/11/2004,,,,,,,,,,,,
07/11/2004,,,,,,,,,,,,
08/11/2004,,,,,,,,,,,,
09/11/2004,,,,,,,,,,,,
10/11/2004,,,,,,,,,,,,
14/11/2004,,,,,,,,,,,,
14/11/2004,,,,,,,,,,,,
16/11/2004,,,,,,,,,,,,
16/11/2004,,,,,,,,,,,,
18/11/2004,,,,,,,,,,,,
20/11/2004,,,,,,,,,,,,
20/11/2004,,,,,,,,,,,,
23/11/2004,,,,,,,,,,,,
28/11/2004,,,,,,,,,,,,
28/11/2004,,,,,,,,,,,,
03/12/2004,,,,,,,,,,,,
14/12/2004,,,,,,,,,,,,
15/12/2004,,,,,,,,,,,,
15/12/2004,,,,,,,,,,,,
21/12/2004,,,,,,,,,,,,
29/12/2004,,,,,,,,,,,,
29/12/2004,,,,,,,,,,,,
30/12/2004,,,,,,,,,,,,
30/12/2004,,,,,,,,,,,,
01/01/2005,,,,,,,,,,,,
01/01/2005,,,,,,,,,,,,
03/01/2005,,,,,,,,,,,,
06/01/2005,,,,,,,,,,,,
07/01/2005,,,,,,,,,,,,
08/01/2005,,,,,,,,,,,,
11/01/2005,,,,,,,,,,,,
14/01/2005,,,,,,,,,,,,
27/01/2005,,,,,,,,,,,,
31/01/2005,,,,,,,,,,,,
03/02/2005,,,,,,,,,,,,
03/02/2005,,,,,,,,,,,,
07/02/2005,,,,,,,,,,,,
10/02/2005,,,,,,,,,,,,
19/02/2005,,,,,,,,,,,,
19/02/2005,,,,,,,,,,,,
24/02/2005,,,,,,,,,,,,
01/03/2005,,,,,,,,,,,,
06/03/2005,,,,,,,,,,,,
07/03/2005,,,,,,,,,,,,
08/03/2005,,,,,,,,,,,,
13/03/2005,,,,,,,,,,,,
14/03/2005,,,,,,,,,,,,
24/03/2005,,,,,,,,,,,,
29/03/2005,,,,,,,,,,,,
31/03/2005,,,,,,,,,,,,
01/04/2005,,,,,,,,,,,,
05/04/2005,,,,,,,,,,,,
05/04/2005,,,,,,,,,,,,
06/04/2005,,,,,,,,,,,,
29/04/2005,,,,,,,,,,,,
04/05/2005,,,,,,,,,,,,
06/05/2005,,,,,,,,,,,,
10/05/2005,,,,,,,,,,,,
12/05/2005,,,,,,,,,,,,
16/05/2005,,,,,,,,,,,,
24/05/2005,,,,,,,,,,,,
01/06/2005,,,,,,,,,,,,
15/06/2005,,,,,,,,,,,,
15/06/2005,,,,,,,,,,,,
27/06/2005,,,,,,,,,,,,
05/07/2005,,,,,,,,,,,,
11/07/2005,,,,,,,,,,,,
18/07/2005,,,,,,,,,,,,
20/07/2005,,,,,,,,,,,,
20/07/2005,,,,,,,,,,,,
22/07/2005,,,,,,,,,,,,
25/07/2005,,,,,,,,,,,,
28/07/2005,,,,,,,,,,,,
01/08/2005,,,,,,,,,,,,
02/08/2005,,,,,,,,,,,,
18/08/2005,,,,,,,,,,,,
22/08/2005,,,,,,,,,,,,
24/08/2005,,,,,,,,,,,,
24/08/2005,,,,,,,,,,,,
26/08/2005,,,,,,,,,,,,
26/08/2005,,,,,,,,,,,,
27/08/2005,,,,,,,,,,,,
05/09/2005,,,,,,,,,,,,
08/09/2005,,,,,,,,,,,,
09/09/2005,,,,,,,,,,,,
11/09/2005,,,,,,,,,,,,
13/09/2005,,,,,,,,,,,,
14/09/2005,,,,,,,,,,,,
14/09/2005,,,,,,,,,,,,
20/09/2005,,,,,,,,,,,,
24/09/2005,,,,,,,,,,,,
25/09/2005,,,,,,,,,,,,
26/09/2005,,,,,,,,,,,,
27/09/2005,,,,,,,,,,,,
27/09/2005,,,,,,,,,,,,
08/10/2005,,,,,,,,,,,,
22/10/2005,,,,,,,,,,,,
02/11/2005,,,,,,,,,,,,
02/11/2005,,,,,,,,,,,,
02/11/2005,,,,,,,,,,,,
02/11/2005,,,,,,,,,,,,
03/11/2005,,,,,,,,,,,,
08/11/2005,,,,,,,,,,,,
12/11/2005,,,,,,,,,,,,
16/11/2005,,,,,,,,,,,,
17/11/2005,,,,,,,,,,,,
17/11/2005,,,,,,,,,,,,
17/11/2005,,,,,,,,,,,,
17/11/2005,,,,,,,,,,,,
19/11/2005,,,,,,,,,,,,
20/11/2005,,,,,,,,,,,,
20/11/2005,,,,,,,,,,,,
18/11/2005,,,,,,,,,,,,
30/11/2005,,,,,,,,,,,,
30/11/2005,,,,,,,,,,,,
10/12/2005,,,,,,,,,,,,
11/12/2005,,,,,,,,,,,,
21/12/2005,,,,,,,,,,,,
21/12/2005,,,,,,,,,,,,
15/01/2006,,,,,,,,,,,,
16/01/2006,,,,,,,,,,,,
19/01/2006,,,,,,,,,,,,
24/08/2000,,,,,,,,,,,,
26/08/2000,,,,,,,,,,,,
31/08/2000,,,,,,,,,,,,
06/09/2000,,,,,,,,,,,,
09/09/2000,,,,,,,,,,,,
10/09/2000,,,,,,,,,,,,
12/09/2000,,,,,,,,,,,,
21/09/2000,,,,,,,,,,,,
25/09/2000,,,,,,,,,,,,
26/09/2000,,,,,,,,,,,,
29/09/2000,,,,,,,,,,,,
30/09/2000,,,,,,,,,,,,
03/10/2000,,,,,,,,,,,,
05/10/2000,,,,,,,,,,,,
10/10/2000,,,,,,,,,,,,
13/10/2000,,,,,,,,,,,,
13/10/2000,,,,,,,,,,,,
15/10/2000,,,,,,,,,,,,
17/10/2000,,,,,,,,,,,,
17/10/2000,,,,,,,,,,,,
21/10/2000,,,,,,,,,,,,
21/10/2000,,,,,,,,,,,,
23/10/2000,,,,,,,,,,,,
25/10/2000,,,,,,,,,,,,
28/10/2000,,,,,,,,,,,,
29/10/2000,,,,,,,,,,,,
30/10/2000,,,,,,,,,,,,
31/10/2000,,,,,,,,,,,,
05/11/2000,,,,,,,,,,,,
07/11/2000,,,,,,,,,,,,
09/11/2000,,,,,,,,,,,,
12/11/2000,,,,,,,,,,,,
12/11/2000,,,,,,,,,,,,
15/11/2000,,,,,,,,,,,,
16/11/2000,,,,,,,,,,,,
17/11/2000,,,,,,,,,,,,
17/11/2000,,,,,,,,,,,,
19/11/2000,,,,,,,,,,,,
19/11/2000,,,,,,,,,,,,
22/11/2000,,,,,,,,,,,,
22/11/2000,,,,,,,,,,,,
28/11/2000,,,,,,,,,,,,
30/11/2000,,,,,,,,,,,,
01/12/2000,,,,,,,,,,,,
01/12/2000,,,,,,,,,,,,
02/12/2000,,,,,,,,,,,,
02/12/2000,,,,,,,,,,,,
05/12/2000,,,,,,,,,,,,
06/12/2000,,,,,,,,,,,,
07/12/2000,,,,,,,,,,,,
07/12/2000,,,,,,,,,,,,
09/12/2000,,,,,,,,,,,,
09/12/2000,,,,,,,,,,,,
11/12/2000,,,,,,,,,,,,
14/12/2000,,,,,,,,,,,,
14/12/2000,,,,,,,,,,,,
13/01/2001,,,,,,,,,,,,
17/05/1999,,,,,,,,,,,,
17/05/1999,,,,,,,,,,,,
18/05/1999,,,,,,,,,,,,
18/05/1999,,,,,,,,,,,,
19/05/1999,,,,,,,,,,,,
20/05/1999,,,,,,,,,,,,
21/05/1999,,,,,,,,,,,,
21/05/1999,,,,,,,,,,,,
21/05/1999,,,,,,,,,,,,
23/05/1999,,,,,,,,,,,,
27/05/1999,,,,,,,,,,,,
29/05/1999,,,,,,,,,,,,
30/05/1999,,,,,,,,,,,,
31/05/1999,,,,,,,,,,,,
04/06/1999,,,,,,,,,,,,
07/06/1999,,,,,,,,,,,,
09/06/1999,,,,,,,,,,,,
15/06/1999,,,,,,,,,,,,
21/06/1999,,,,,,,,,,,,
19/06/1999,,,,,,,,,,,,
27/06/1999,,,,,,,,,,,,
29/06/1999,,,,,,,,,,,,
29/06/1999,,,,,,,,,,,,
01/07/1999,,,,,,,,,,,,
02/07/1999,,,,,,,,,,,,
03/07/1999,,,,,,,,,,,,
04/07/1999,,,,,,,,,,,,
06/07/1999,,,,,,,,,,,,
07/07/1999,,,,,,,,,,,,
13/07/1999,,,,,,,,,,,,
16/07/1999,,,,,,,,,,,,
17/07/1999,,,,,,,,,,,,
15/07/1999,,,,,,,,,,,,
22/07/1999,,,,,,,,,,,,
25/07/1999,,,,,,,,,,,,
29/07/1999,,,,,,,,,,,,
29/07/1999,,,,,,,,,,,,
29/07/1999,,,,,,,,,,,,
04/08/1999,,,,,,,,,,,,
05/08/1999,,,,,,,,,,,,
06/08/1999,,,,,,,,,,,,
07/08/1999,,,,,,,,,,,,
08/08/1999,,,,,,,,,,,,
11/08/1999,,,,,,,,,,,,
14/08/1999,,,,,,,,,,,,
14/08/1999,,,,,,,,,,,,
18/08/1999,,,,,,,,,,,,
19/08/1999,,,,,,,,,,,,
23/08/1999,,,,,,,,,,,,
26/08/1999,,,,,,,,,,,,
28/08/1999,,,,,,,,,,,,
01/09/1999,,,,,,,,,,,,
01/09/1999,,,,,,,,,,,,
02/09/1999,,,,,,,,,,,,
02/09/1999,,,,,,,,,,,,
05/09/1999,,,,,,,,,,,,
05/09/1999,,,,,,,,,,,,
07/09/1999,,,,,,,,,,,,
08/09/1999,,,,,,,,,,,,
08/09/1999,,,,,,,,,,,,
09/09/1999,,,,,,,,,,,,
13/09/1999,,,,,,,,,,,,
17/09/1999,,,,,,,,,,,,
19/09/1999,,,,,,,,,,,,
20/09/1999,,,,,,,,,,,,
22/09/1999,,,,,,,,,,,,
23/09/1999,,,,,,,,,,,,
23/09/1999,,,,,,,,,,,,
25/09/1999,,,,,,,,,,,,
26/09/1999,,,,,,,,,,,,
07/10/1999,,,,,,,,,,,,
09/10/1999,,,,,,,,,,,,
11/10/1999,,,,,,,,,,,,
12/10/1999,,,,,,,,,,,,
14/10/1999,,,,,,,,,,,,
16/10/1999,,,,,,,,,,,,
18/10/1999,,,,,,,,,,,,
21/10/1999,,,,,,,,,,,,
27/10/1999,,,,,,,,,,,,
29/10/1999,,,,,,,,,,,,
31/10/1999,,,,,,,,,,,,
05/11/1999,,,,,,,,,,,,
05/11/1999,,,,,,,,,,,,
09/11/1999,,,,,,,,,,,,
11/11/1999,,,,,,,,,,,,
11/11/1999,,,,,,,,,,,,
13/11/1999,,,,,,,,,,,,
13/11/1999,,,,,,,,,,,,
14/11/1999,,,,,,,,,,,,
16/11/1999,,,,,,,,,,,,
18/11/1999,,,,,,,,,,,,
19/11/1999,,,,,,,,,,,,
22/11/1999,,,,,,,,,,,,
25/11/1999,,,,,,,,,,,,
28/11/1999,,,,,,,,,,,,
30/11/1999,,,,,,,,,,,,
03/12/1999,,,,,,,,,,,,
04/12/1999,,,,,,,,,,,,
07/12/1999,,,,,,,,,,,,
07/12/1999,,,,,,,,,,,,
04/01/2000,,,,,,,,,,,,
06/01/2000,,,,,,,,,,,,
08/01/2000,,,,,,,,,,,,
08/01/2000,,,,,,,,,,,,
10/01/2000,,,,,,,,,,,,
12/01/2000,,,,,,,,,,,,
16/01/2000,,,,,,,,,,,,
24/01/2000,,,,,,,,,,,,
24/01/2000,,,,,,,,,,,,
25/01/2000,,,,,,,,,,,,
28/01/2000,,,,,,,,,,,,
31/01/2000,,,,,,,,,,,,
02/02/2000,,,,,,,,,,,,
02/02/2000,,,,,,,,,,,,
03/02/2000,,,,,,,,,,,,
07/02/2000,,,,,,,,,,,,
08/02/2000,,,,,,,,,,,,
09/02/2000,,,,,,,,,,,,
09/02/2000,,,,,,,,,,,,
11/02/2000,,,,,,,,,,,,
11/02/2000,,,,,,,,,,,,
14/02/2000,,,,,,,,,,,,
14/02/2000,,,,,,,,,,,,
15/02/2000,,,,,,,,,,,,
15/02/2000,,,,,,,,,,,,
15/02/2000,,,,,,,,,,,,
15/02/2000,,,,,,,,,,,,
16/02/2000,,,,,,,,,,,,
16/02/2000,,,,,,,,,,,,
22/02/2000,,,,,,,,,,,,
23/02/2000,,,,,,,,,,,,
23/02/2000,,,,,,,,,,,,
24/02/2000,,,,,,,,,,,,
25/02/2000,,,,,,,,,,,,
26/02/2000,,,,,,,,,,,,
29/02/2000,,,,,,,,,,,,
29/02/2000,,,,,,,,,,,,
29/02/2000,,,,,,,,,,,,
02/03/2000,,,,,,,,,,,,
02/03/2000,,,,,,,,,,,,
03/03/2000,,,,,,,,,,,,
03/03/2000,,,,,,,,,,,,
10/03/2000,,,,,,,,,,,,
14/03/2000,,,,,,,,,,,,
03/04/2000,,,,,,,,,,,,
04/04/2000,,,,,,,,,,,,
04/04/2000,,,,,,,,,,,,
07/04/2000,,,,,,,,,,,,
08/05/2000,,,,,,,,,,,,
12/05/2000,,,,,,,,,,,,
15/05/2000,,,,,,,,,,,,
16/05/2000,,,,,,,,,,,,
21/05/2000,,,,,,,,,,,,
30/05/2000,,,,,,,,,,,,
31/05/2000,,,,,,,,,,,,
01/06/2000,,,,,,,,,,,,
04/06/2000,,,,,,,,,,,,
09/06/2000,,,,,,,,,,,,
12/06/2000,,,,,,,,,,,,
14/06/2000,,,,,,,,,,,,
14/06/2000,,,,,,,,,,,,
15/06/2000,,,,,,,,,,,,
17/06/2000,,,,,,,,,,,,
18/06/2000,,,,,,,,,,,,
25/06/2000,,,,,,,,,,,,
25/06/2000,,,,,,,,,,,,
25/06/2000,,,,,,,,,,,,
30/06/2000,,,,,,,,,,,,
30/06/2000,,,,,,,,,,,,
03/07/2000,,,,,,,,,,,,
05/07/2000,,,,,,,,,,,,
06/07/2000,,,,,,,,,,,,
09/07/2000,,,,,,,,,,,,
11/07/2000,,,,,,,,,,,,
11/07/2000,,,,,,,,,,,,
11/07/2000,,,,,,,,,,,,
12/07/2000,,,,,,,,,,,,
12/07/2000,,,,,,,,,,,,
12/07/2000,,,,,,,,,,,,
14/07/2000,,,,,,,,,,,,
19/07/2000,,,,,,,,,,,,
19/07/2000,,,,,,,,,,,,
02/08/2000,,,,,,,,,,,,
03/08/2000,,,,,,,,,,,,
04/08/2000,,,,,,,,,,,,
21/08/2000,,,,,,,,,,,,
16/01/2001,,dec 14 2000,,jan 13 2001,,,,,,,,
16/01/2001,,,,,,,,,,,,
17/01/2001,,,,,,,,,,,,
22/01/2001,,,,,,,,,,,,
23/01/2001,,,,,,,,,,,,
25/01/2001,,,,,,,,,,,,
25/01/2001,,,,,,,,,,,,
26/01/2001,,,,,,,,,,,,
18/01/2001,,,,,,,,,,,,
18/01/2001,,,,,,,,,,,,
19/01/2001,,,,,,,,,,,,
19/01/2001,,,,,,,,,,,,
27/01/2001,,,,,,,,,,,,
30/01/2001,,,,,,,,,,,,
03/02/2001,,,,,,,,,,,,
17/02/2001,,,,,,,,,,,,
18/02/2001,,,,,,,,,,,,
19/02/2001,,,,,,,,,,,,
20/02/2001,,,,,,,,,,,,
21/02/2001,,,,,,,,,,,,
22/02/2001,,,,,,,,,,,,
23/02/2001,,,,,,,,,,,,
23/02/2001,,,,,,,,,,,,
23/02/2001,,,,,,,,,,,,
23/02/2001,,,,,,,,,,,,
03/03/2001,,,,,,,,,,,,
03/03/2001,,,,,,,,,,,,
03/03/2001,,,,,,,,,,,,
05/03/2001,,,,,,,,,,,,
06/03/2001,,,,,,,,,,,,
08/03/2001,,,,,,,,,,,,
08/03/2001,,,,,,,,,,,,
09/03/2001,,,,,,,,,,,,
11/03/2001,,,,,,,,,,,,
11/03/2001,,,,,,,,,,,,
14/03/2001,,,,,,,,,,,,
14/03/2001,,,,,,,,,,,,
15/03/2001,,,,,,,,,,,,
15/03/2001,,,,,,,,,,,,
15/03/2001,,,,,,,,,,,,
16/03/2001,,,,,,,,,,,,
16/03/2001,,,,,,,,,,,,
19/03/2001,,,,,,,,,,,,
22/03/2001,,,,,,,,,,,,
23/03/2001,,,,,,,,,,,,
23/03/2001,,,,,,,,,,,,
23/03/2001,,,,,,,,,,,,
24/03/2001,,,,,,,,,,,,
24/03/2001,,,,,,,,,,,,
27/03/2001,,,,,,,,,,,,
29/03/2001,,,,,,,,,,,,
31/03/2001,,,,,,,,,,,,
01/04/2001,,,,,,,,,,,,
01/04/2001,,,,,,,,,,,,
03/04/2001,,,,,,,,,,,,
03/04/2001,,,,,,,,,,,,
04/04/2001,,,,,,,,,,,,
07/05/2001,,,,,,,,,,,,
07/05/2001,,,,,,,,,,,,
10/05/2001,,,,,,,,,,,,
10/05/2001,,,,,,,,,,,,
10/05/2001,,,,,,,,,,,,
10/05/2001,,,,,,,,,,,,
11/05/2001,,,,,,,,,,,,
12/05/2001,,,,,,,,,,,,
13/05/2001,,,,,,,,,,,,
13/05/2001,,,,,,,,,,,,
14/05/2001,,,,,,,,,,,,
20/05/2001,,,,,,,,,,,,
20/05/2001,,,,,,,,,,,,
24/05/2001,,,,,,,,,,,,
25/05/2001,,,,,,,,,,,,
26/05/2001,,,,,,,,,,,,
27/05/2001,,,,,,,,,,,,
28/05/2001,,,,,,,,,,,,
28/05/2001,,,,,,,,,,,,
02/04/2001,,,,,,,,,,,,
01/06/2001,,,,,,,,,,,,
03/06/2001,,,,,,,,,,,,
05/06/2001,,,,,,,,,,,,
08/06/2001,,,,,,,,,,,,
12/06/2001,,,,,,,,,,,,
12/06/2001,,,,,,,,,,,,
13/06/2001,,,,,,,,,,,,
15/06/2001,,,,,,,,,,,,
18/06/2001,,,,,,,,,,,,
22/06/2001,,,,,,,,,,,,
23/06/2001,,,,,,,,,,,,
25/06/2001,,,,,,,,,,,,
26/06/2001,,,,,,,,,,,,
27/06/2001,,,,,,,,,,,,
28/06/2001,,,,,,,,,,,,
28/06/2001,,,,,,,,,,,,
04/07/2001,,,,,,,,,,,,
08/07/2001,,,,,,,,,,,,
11/07/2001,,,,,,,,,,,,
16/07/2001,,,,,,,,,,,,
16/07/2001,,,,,,,,,,,,
23/07/2001,,,,,,,,,,,,
28/07/2001,,,,,,,,,,,,
29/07/2001,,,,,,,,,,,,
29/07/2001,,,,,,,,,,,,
02/08/2001,,,,,,,,,,,,
03/08/2001,,,,,,,,,,,,
04/08/2001,,,,,,,,,,,,
05/08/2001,,,,,,,,,,,,
05/08/2001,,,,,,,,,,,,
07/08/2001,,,,,,,,,,,,
07/08/2001,,,,,,,,,,,,
14/08/2001,,,,,,,,,,,,
14/08/2001,,,,,,,,,,,,
14/08/2001,,,,,,,,,,,,
14/08/2001,,,,,,,,,,,,
15/08/2001,,,,,,,,,,,,
15/08/2001,,,,,,,,,,,,
16/08/2001,,,,,,,,,,,,
19/08/2001,,,,,,,,,,,,
24/08/2001,,,,,,,,,,,,
27/08/2001,,,,,,,,,,,,
29/08/2001,,,,,,,,,,,,
30/08/2001,,,,,,,,,,,,
03/09/2001,,,,,,,,,,,,
06/09/2001,,,,,,,,,,,,
09/09/2001,,,,,,,,,,,,
15/09/2001,,,,,,,,,,,,
09/06/2001,,,,,,,,,,,,
19/09/2001,,,,,,,,,,,,
21/09/2001,,,,,,,,,,,,
22/09/2001,,,,,,,,,,,,
25/09/2001,,,,,,,,,,,,
25/09/2001,,,,,,,,,,,,
28/09/2001,,,,,,,,,,,,
05/10/2001,,,,,,,,,,,,
08/10/2001,,,,,,,,,,,,
08/10/2001,,,,,,,,,,,,
14/12/1997,,,,,,,,,,,,
17/12/1997,,,,,,,,,,,,
17/12/1997,,,,,,,,,,,,
03/01/1998,,,,,,,,,,,,
08/01/1998,,,,,,,,,,,,
10/01/1998,,,,,,,,,,,,
13/01/1998,,,,,,,,,,,,
18/01/1998,,,,,,,,,,,,
20/01/1998,,,,,,,,,,,,
25/01/1998,,,,,,,,,,,,
25/01/1998,,,,,,,,,,,,
30/01/1998,,,,,,,,,,,,
31/01/1998,,,,,,,,,,,,
31/01/1998,,,,,,,,,,,,
31/01/1998,,,,,,,,,,,,
02/02/1998,,,,,,,,,,,,
06/02/1998,,,,,,,,,,,,
09/02/1998,,,,,,,,,,,,
12/02/1998,,,,,,,,,,,,
01/02/1998,,,,,,,,,,,,
07/02/1998,,,,,,,,,,,,
14/02/1998,,,,,,,,,,,,
15/02/1998,,,,,,,,,,,,
15/02/1998,,,,,,,,,,,,
18/02/1998,,,,,,,,,,,,
21/02/1998,,,,,,,,,,,,
22/02/1998,,,,,,,,,,,,
27/02/1998,,,,,,,,,,,,
27/02/1998,,,,,,,,,,,,
28/02/1998,,,,,,,,,,,,
04/03/1998,,,,,,,,,,,,
04/03/1998,,,,,,,,,,,,
04/03/1998,,,,,,,,,,,,
11/03/1998,,,,,,,,,,,,
11/03/1998,,,,,,,,,,,,
12/03/1998,,,,,,,,,,,,
12/03/1998,,,,,,,,,,,,
20/03/1998,,,,,,,,,,,,
23/03/1998,,,,,,,,,,,,
25/03/1998,,,,,,,,,,,,
27/03/1998,,,,,,,,,,,,
31/03/1998,,,,,,,,,,,,
31/03/1998,,,,,,,,,,,,
16/03/1998,,,,,,,,,,,,
17/03/1998,,,,,,,,,,,,
18/03/1998,,,,,,,,,,,,
05/04/1998,,,,,,,,,,,,
06/04/1998,,,,,,,,,,,,
06/04/1998,,,,,,,,,,,,
06/04/1998,,,,,,,,,,,,
06/04/1998,,,,,,,,,,,,
09/04/1998,,,,,,,,,,,,
09/04/1998,,,,,,,,,,,,
09/04/1998,,,,,,,,,,,,
11/04/1998,,,,,,,,,,,,
16/04/1998,,,,,,,,,,,,
16/04/1998,,,,,,,,,,,,
17/04/1998,,,,,,,,,,,,
17/04/1998,,,,,,,,,,,,
17/04/1998,,,,,,,,,,,,
17/04/1998,,,,,,,,,,,,
18/04/1998,,,,,,,,,,,,
18/04/1998,,,,,,,,,,,,
19/04/1998,,,,,,,,,,,,
20/04/1998,,,,,,,,,,,,
20/04/1998,,,,,,,,,,,,
24/04/1998,,,,,,,,,,,,
25/04/1998,,,,,,,,,,,,
25/04/1998,,,,,,,,,,,,
26/04/1998,,,,,,,,,,,,
26/04/1998,,,,,,,,,,,,
01/05/1998,,,,,,,,,,,,
01/05/1998,,,,,,,,,,,,
03/05/1998,,,,,,,,,,,,
05/05/1998,,,,,,,,,,,,
05/05/1998,,,,,,,,,,,,
07/05/1998,,,,,,,,,,,,
09/05/1998,,,,,,,,,,,,
11/05/1998,,,,,,,,,,,,
15/05/1998,,,,,,,,,,,,
17/05/1998,,,,,,,,,,,,
18/05/1998,,,,,,,,,,,,
18/05/1998,,,,,,,,,,,,
20/05/1998,,,,,,,,,,,,
20/05/1998,,,,,,,,,,,,
04/06/1998,,,,,,,,,,,,
08/06/1998,,,,,,,,,,,,
12/06/1998,,,,,,,,,,,,
15/06/1998,,,,,,,,,,,,
18/06/1998,,,,,,,,,,,,
21/06/1998,,,,,,,,,,,,
23/06/1998,,,,,,,,,,,,
23/06/1998,,,,,,,,,,,,
26/06/1998,,,,,,,,,,,,
05/07/1998,,,,,,,,,,,,
05/07/1998,,,,,,,,,,,,
10/07/1998,,,,,,,,,,,,
12/07/1998,,,,,,,,,,,,
12/07/1998,,,,,,,,,,,,
13/07/1998,,,,,,,,,,,,
13/07/1998,,,,,,,,,,,,
16/07/1998,,,,,,,,,,,,
16/07/1998,,,,,,,,,,,,
17/07/1998,,,,,,,,,,,,
17/07/1998,,,,,,,,,,,,
17/07/1998,,,,,,,,,,,,
17/07/1998,,,,,,,,,,,,
17/07/1998,,,,,,,,,,,,
18/07/1998,,,,,,,,,,,,
18/07/1998,,,,,,,,,,,,
28/07/1998,,,,,,,,,,,,
29/07/1998,,,,,,,,,,,,
30/07/1998,,,,,,,,,,,,
03/08/1998,,,,,,,,,,,,
04/08/1998,,,,,,,,,,,,
04/08/1998,,,,,,,,,,,,
04/08/1998,,,,,,,,,,,,
05/08/1998,,,,,,,,,,,,
05/08/1998,,,,,,,,,,,,
05/08/1998,,,,,,,,,,,,
06/08/1998,,,,,,,,,,,,
06/08/1998,,,,,,,,,,,,
07/08/1998,,,,,,,,,,,,
11/08/1998,,,,,,,,,,,,
13/08/1998,,,,,,,,,,,,
17/08/1998,,,,,,,,,,,,
21/08/1998,,,,,,,,,,,,
24/08/1998,,,,,,,,,,,,
22/08/1998,,,,,,,,,,,,
25/08/1998,,,,,,,,,,,,
24/08/1998,,,,,,,,,,,,
01/09/1998,,,,,,,,,,,,
04/09/1998,,,,,,,,,,,,
04/09/1998,,,,,,,,,,,,
08/09/1998,,,,,,,,,,,,
13/09/1998,,,,,,,,,,,,
15/09/1998,,,,,,,,,,,,
15/09/1998,,,,,,,,,,,,
15/09/1998,,,,,,,,,,,,
15/09/1998,,,,,,,,,,,,
15/09/1998,,,,,,,,,,,,
15/09/1998,,,,,,,,,,,,
15/09/1998,,,,,,,,,,,,
17/09/1998,,,,,,,,,,,,
19/09/1998,,,,,,,,,,,,
19/09/1998,,,,,,,,,,,,
25/09/1998,,,,,,,,,,,,
25/09/1998,,,,,,,,,,,,
25/09/1998,,,,,,,,,,,,
26/09/1998,,,,,,,,,,,,
04/10/1998,,,,,,,,,,,,
06/10/1998,,,,,,,,,,,,
06/10/1998,,,,,,,,,,,,
09/10/1998,,,,,,,,,,,,
09/10/1998,,,,,,,,,,,,
12/10/1998,,,,,,,,,,,,
15/10/1998,,,,,,,,,,,,
19/10/1998,,,,,,,,,,,,
21/10/1998,,,,,,,,,,,,
21/10/1998,,,,,,,,,,,,
23/10/1998,,,,,,,,,,,,
07/11/1998,,,,,,,,,,,,
07/11/1998,,,,,,,,,,,,
10/11/1998,,,,,,,,,,,,
14/11/1998,,,,,,,,,,,,
15/11/1998,,,,,,,,,,,,
16/11/1998,,,,,,,,,,,,
16/11/1998,,,,,,,,,,,,
20/11/1998,,,,,,,,,,,,
01/11/1998,,,,,,,,,,,,
11/04/1999,,,,,,,,,,,,
13/04/1999,,,,,,,,,,,,
14/04/1999,,,,,,,,,,,,
16/04/1999,,,,,,,,,,,,
16/04/1999,,,,,,,,,,,,
16/04/1999,,,,,,,,,,,,
20/04/1999,,,,,,,,,,,,
25/04/1999,,,,,,,,,,,,
27/04/1999,,,,,,,,,,,,
02/05/1999,,,,,,,,,,,,
06/05/1999,,,,,,,,,,,,
07/05/1999,,,,,,,,,,,,
07/05/1999,,,,,,,,,,,,
07/05/1999,,,,,,,,,,,,
08/05/1999,,,,,,,,,,,,
08/05/1999,,,,,,,,,,,,
10/05/1999,,,,,,,,,,,,
10/05/1999,,,,,,,,,,,,
16/05/1999,,,,,,,,,,,,
15/10/2001,,,,,,,,,,,,
15/10/2001,,,,,,,,,,,,
09/10/2001,,,,,,,,,,,,
10/10/2001,,,,,,,,,,,,
11/10/2001,,,,,,,,,,,,
15/10/2001,,,,,,,,,,,,
17/10/2001,,,,,,,,,,,,
17/10/2001,,,,,,,,,,,,
18/10/2001,,,,,,,,,,,,
23/10/2001,,,,,,,,,,,,
26/10/2001,,,,,,,,,,,,
30/10/2001,,,,,,,,,,,,
30/10/2001,,,,,,,,,,,,
03/11/2001,,,,,,,,,,,,
05/11/2001,,,,,,,,,,,,
05/11/2001,,,,,,,,,,,,
06/11/2001,,,,,,,,,,,,
06/11/2001,,,,,,,,,,,,
09/11/2001,,,,,,,,,,,,
09/11/2001,,,,,,,,,,,,
12/11/2001,,,,,,,,,,,,
15/11/2001,,,,,,,,,,,,
17/11/2001,,,,,,,,,,,,
18/11/2001,,,,,,,,,,,,
18/11/2001,,,,,,,,,,,,
23/11/2001,,,,,,,,,,,,
23/11/2001,,,,,,,,,,,,
23/11/2001,,,,,,,,,,,,
24/11/2001,,,,,,,,,,,,
26/11/2001,,,,,,,,,,,,
30/11/2001,,,,,,,,,,,,
04/12/2001,,,,,,,,,,,,
08/12/2001,,,,,,,,,,,,
09/12/2001,,,,,,,,,,,,
13/12/2001,,,,,,,,,,,,
15/12/2001,,,,,,,,,,,,
16/12/2001,,,,,,,,,,,,
04/11/2001,,,,,,,,,,,,
04/11/2001,,,,,,,,,,,,
04/11/2001,,,,,,,,,,,,
17/12/2001,,,,,,,,,,,,
26/12/2001,,,,,,,,,,,,
26/12/2001,,,,,,,,,,,,
30/12/2001,,,,,,,,,,,,
06/01/2002,,,,,,,,,,,,
11/01/2002,,,,,,,,,,,,
13/01/2002,,,,,,,,,,,,
13/01/2002,,,,,,,,,,,,
14/01/2002,,,,,,,,,,,,
04/04/2001,,,,,,,,,,,,
05/04/2001,,,,,,,,,,,,
06/04/2001,,,,,,,,,,,,
06/04/2001,,,,,,,,,,,,
09/04/2001,,,,,,,,,,,,
09/04/2001,,,,,,,,,,,,
11/04/2001,,,,,,,,,,,,
16/04/2001,,,,,,,,,,,,
17/04/2001,,,,,,,,,,,,
20/04/2001,,,,,,,,,,,,
23/04/2001,,,,,,,,,,,,
23/04/2001,,,,,,,,,,,,
27/04/2001,,,,,,,,,,,,
29/04/2001,,,,,,,,,,,,
02/03/2001,,,,,,,,,,,,
03/03/2001,,,,,,,,,,,,
03/03/2001,,,,,,,,,,,,
05/03/2001,,,,,,,,,,,,
23/03/1999,,,,,,,,,,,,
24/03/1999,,,,,,,,,,,,
24/03/1999,,,,,,,,,,,,
25/03/1999,,,,,,,,,,,,
26/03/1999,,,,,,,,,,,,
26/03/1999,,,,,,,,,,,,
27/03/1999,,,,,,,,,,,,
29/03/1999,,,,,,,,,,,,
30/03/1999,,,,,,,,,,,,
31/03/1999,,,,,,,,,,,,
31/03/1999,,,,,,,,,,,,
02/04/1999,,,,,,,,,,,,
04/04/1999,,,,,,,,,,,,
05/04/1999,,,,,,,,,,,,
05/04/1999,,,,,,,,,,,,
06/04/1999,,,,,,,,,,,,
07/04/1999,,,,,,,,,,,,
08/04/1999,,,,,,,,,,,,
10/04/1999,,,,,,,,,,,,
